Year,New Patient,Leaving Patient,Total Unique Patients,Net Patient Gain,Percentage Net Gain
2018,0,0,640,0.0,0.0
2019,222,211,651,11.0,1.6897081413210446
2020,220,311,640,-91.0,-14.21875
2021,231,360,630,-129.0,-20.476190476190474
2022,217,408,592,-191.0,-32.263513513513516
2023,262,232,622,30.0,4.823151125401929
