Year,New Patient,Leaving Patient,Total Unique Patients,Net Patient Gain,Percentage Net Gain
2018,0,0,640,0.0,0.0
2019,220,257,603,-37.0,-6.135986733001658
2020,249,326,630,-77.0,-12.222222222222221
2021,225,377,608,-152.0,-25.0
2022,252,361,641,-109.0,-17.004680187207487
2023,255,223,673,32.0,4.75482912332838
