Year,New Patient,Leaving Patient,Total Unique Patients,Net Patient Gain,Percentage Net Gain
2018,0,0,626,0.0,0.0
2019,227,230,623,-3.0,-0.4815409309791332
2020,240,318,642,-78.0,-12.149532710280374
2021,225,344,646,-119.0,-18.421052631578945
2022,235,360,643,-125.0,-19.440124416796266
2023,255,227,671,28.0,4.172876304023846
