Year,New Patient,Leaving Patient,Total Unique Patients,Net Patient Gain,Percentage Net Gain
2018,0,0,615,0.0,0.0
2019,244,224,635,20.0,3.149606299212598
2020,248,278,678,-30.0,-4.424778761061947
2021,219,368,627,-149.0,-23.76395534290271
2022,232,390,613,-158.0,-25.774877650897228
2023,251,235,629,16.0,2.5437201907790143
