Year,New Patient,Leaving Patient,Total Unique Patients,Net Patient Gain,Percentage Net Gain
2018,0,0,666,0.0,0.0
2019,210,232,644,-22.0,-3.4161490683229814
2020,224,350,605,-126.0,-20.826446280991735
2021,276,334,658,-58.0,-8.814589665653495
2022,206,387,614,-181.0,-29.47882736156352
2023,242,232,624,10.0,1.6025641025641024
